first,last,email,id
Judith,Diaz,judith.diaz@sysiphus.com,200000
Victoria,Price,victoria.price@sysiphus.com,200001
Leigh,Snyder,leigh.snyder@sysiphus.com,200002
Rodney,Barton,rodney.barton@sysiphus.com,200003
Lucy,Garza,lucy.garza@sysiphus.com,200004
Fred,Clarke,fred.clarke@sysiphus.com,200005
Jesse,Parks,jesse.parks@sysiphus.com,200006
Lamar,Ruiz,lamar.ruiz@sysiphus.com,200007
Eric,Gonzalez,eric.gonzalez@sysiphus.com,200008
Arlene,Hughes,arlene.hughes@sysiphus.com,200009
Dianne,Richards,dianne.richards@sysiphus.com,200010
Joe,Graves,joe.graves@sysiphus.com,200011
Sonja,Alvarado,sonja.alvarado@sysiphus.com,200012
Bernadette,Burke,bernadette.burke@sysiphus.com,200013
Willis,Johnson,willis.johnson@sysiphus.com,200014
Erma,Larson,erma.larson@sysiphus.com,200015
Doreen,Chandler,doreen.chandler@sysiphus.com,200016
Kelley,Pratt,kelley.pratt@sysiphus.com,200017
Nancy,Perkins,nancy.perkins@sysiphus.com,200018
Camille,Vargas,camille.vargas@sysiphus.com,200019
June,Marshall,june.marshall@sysiphus.com,200020
Sonya,Ramsey,sonya.ramsey@sysiphus.com,200021
Lauren,Wheeler,lauren.wheeler@sysiphus.com,200022
Sheryl,Massey,sheryl.massey@sysiphus.com,200023
Maxine,Estrada,maxine.estrada@sysiphus.com,200024
Roy,Valdez,roy.valdez@sysiphus.com,200025
Sonia,Sparks,sonia.sparks@sysiphus.com,200026
Sheldon,Hamilton,sheldon.hamilton@sysiphus.com,200027
Fernando,Dennis,fernando.dennis@sysiphus.com,200028
Frederick,Fletcher,frederick.fletcher@sysiphus.com,200029
Jared,Mcgee,jared.mcgee@sysiphus.com,200030
Marshall,Morrison,marshall.morrison@sysiphus.com,200031
Georgia,Gray,georgia.gray@sysiphus.com,200032
Luther,Hale,luther.hale@sysiphus.com,200033
Alberta,Underwood,alberta.underwood@sysiphus.com,200034
Jesus,Tran,jesus.tran@sysiphus.com,200035
Terri,Walsh,terri.walsh@sysiphus.com,200036
Nelson,Armstrong,nelson.armstrong@sysiphus.com,200037
Wade,Young,wade.young@sysiphus.com,200038
Irma,Lloyd,irma.lloyd@sysiphus.com,200039
Ruben,Gomez,ruben.gomez@sysiphus.com,200040
Samantha,Howell,samantha.howell@sysiphus.com,200041
Maria,Stokes,maria.stokes@sysiphus.com,200042
Isabel,Flowers,isabel.flowers@sysiphus.com,200043
Simon,Rose,simon.rose@sysiphus.com,200044
Beverly,Soto,beverly.soto@sysiphus.com,200045
Nora,Fields,nora.fields@sysiphus.com,200046
Holly,Love,holly.love@sysiphus.com,200047
Lance,Duncan,lance.duncan@sysiphus.com,200048
Maurice,Joseph,maurice.joseph@sysiphus.com,200049
